ancho,alto,clase
1.78,3.28,clase 1
1.83,2.88,clase 1
1.96,3.0,clase 1
1.65,3.33,clase 1
1.98,2.79,clase 1
3.1,2.94,clase 1
1.19,3.71,clase 1
3.96,3.67,clase 1
2.38,3.43,clase 1
1.49,3.22,clase 1
3.12,1.19,clase 1
1.88,3.99,clase 1
3.01,0.93,clase 1
2.52,2.73,clase 1
1.97,3.06,clase 1
1.74,2.9,clase 1
2.08,2.35,clase 1
1.9,2.68,clase 1
2.42,3.71,clase 1
1.92,3.26,clase 1
2.48,1.14,clase 1
2.87,3.34,clase 1
1.13,3.43,clase 1
1.64,2.39,clase 1
1.42,3.09,clase 1
0.24,4.58,clase 1
1.73,2.68,clase 1
2.8,3.14,clase 1
0.27,4.34,clase 1
2.82,2.87,clase 1
2.3,2.78,clase 1
1.67,2.44,clase 1
2.48,1.46,clase 1
2.65,2.66,clase 1
1.35,3.72,clase 1
1.77,2.77,clase 1
1.8,2.43,clase 1
2.65,1.86,clase 1
2.66,4.61,clase 1
-1.19,3.12,clase 1
3.24,2.77,clase 1
-1.03,2.91,clase 1
0.11,2.28,clase 1
3.29,3.73,clase 1
3.28,1.36,clase 1
0.29,3.0,clase 1
1.57,0.92,clase 1
0.55,2.53,clase 1
2.06,4.36,clase 1
2.45,4.5,clase 1
2.71,3.47,clase 1
1.28,4.12,clase 1
2.55,3.37,clase 1
2.83,2.84,clase 1
0.6,4.03,clase 1
1.96,2.67,clase 1
0.74,0.93,clase 1
2.51,3.24,clase 1
3.17,5.31,clase 1
1.83,2.34,clase 1
2.5,2.91,clase 1
2.33,3.34,clase 1
2.79,3.27,clase 1
-1.31,3.34,clase 1
0.76,2.94,clase 1
1.0,2.62,clase 1
1.74,4.1,clase 1
0.33,3.2,clase 1
0.25,3.01,clase 1
2.12,4.58,clase 1
2.4,2.57,clase 1
3.8,1.89,clase 1
3.75,2.53,clase 1
3.11,2.69,clase 1
2.94,5.11,clase 1
3.38,2.66,clase 1
2.14,3.04,clase 1
1.83,4.42,clase 1
2.3,2.62,clase 1
0.85,4.03,clase 1
1.96,3.26,clase 1
3.07,4.12,clase 1
3.14,2.54,clase 1
1.86,4.22,clase 1
1.04,3.36,clase 1
1.7,2.82,clase 1
1.49,2.75,clase 1
1.61,2.5,clase 1
3.72,4.5,clase 1
-0.31,3.59,clase 1
1.26,2.88,clase 1
2.6,2.25,clase 1
1.58,-0.21,clase 1
2.03,2.12,clase 1
0.61,3.31,clase 1
2.87,1.13,clase 1
1.01,3.33,clase 1
1.86,1.12,clase 1
1.72,3.73,clase 1
2.82,0.55,clase 1
0.04,2.13,clase 1
2.78,3.12,clase 1
0.49,3.03,clase 1
1.63,1.9,clase 1
2.86,3.14,clase 1
1.26,3.33,clase 1
1.75,4.53,clase 1
3.34,2.64,clase 1
1.21,2.23,clase 1
1.76,2.11,clase 1
0.48,4.09,clase 1
2.85,4.42,clase 1
3.49,4.46,clase 1
1.98,4.94,clase 1
3.84,3.66,clase 1
1.8,3.2,clase 1
2.37,3.13,clase 1
2.61,3.09,clase 1
1.6,1.96,clase 1
2.86,5.49,clase 1
0.47,1.7,clase 1
1.92,2.2,clase 1
1.14,2.66,clase 1
0.82,2.84,clase 1
1.0,4.26,clase 1
1.84,1.64,clase 1
2.25,2.58,clase 1
1.94,2.02,clase 1
1.17,2.96,clase 1
1.66,2.73,clase 1
2.27,2.1,clase 1
2.97,1.73,clase 1
1.77,3.55,clase 1
1.97,2.04,clase 1
1.74,1.53,clase 1
1.64,2.2,clase 1
2.96,2.92,clase 1
3.86,2.73,clase 1
2.12,2.59,clase 1
2.43,4.09,clase 1
2.49,2.58,clase 1
2.11,3.37,clase 1
3.58,4.44,clase 1
3.82,1.41,clase 1
1.66,3.39,clase 1
3.13,2.87,clase 1
3.11,3.4,clase 1
2.18,3.98,clase 1
1.62,1.94,clase 1
2.73,3.47,clase 1
3.23,2.41,clase 1
2.07,4.13,clase 1
2.78,2.67,clase 1
1.83,2.43,clase 1
0.05,2.97,clase 1
1.63,3.25,clase 1
2.53,1.39,clase 1
2.62,4.22,clase 1
2.03,3.16,clase 1
1.66,4.6,clase 1
3.27,3.08,clase 1
4.12,3.97,clase 1
1.43,3.81,clase 1
2.51,4.53,clase 1
2.13,2.52,clase 1
2.98,1.88,clase 1
1.81,4.48,clase 1
2.35,2.19,clase 1
3.32,3.64,clase 1
1.29,1.55,clase 1
-0.21,2.91,clase 1
2.59,2.56,clase 1
1.65,1.92,clase 1
1.57,2.12,clase 1
0.74,2.81,clase 1
0.67,3.05,clase 1
2.02,4.03,clase 1
-0.54,3.52,clase 1
0.46,3.23,clase 1
0.9,1.71,clase 1
2.74,2.07,clase 1
2.59,2.99,clase 1
2.61,3.24,clase 1
1.66,4.19,clase 1
1.89,4.22,clase 1
2.34,4.47,clase 1
1.93,3.43,clase 1
2.16,2.37,clase 1
1.97,4.21,clase 1
3.16,3.73,clase 1
2.23,1.37,clase 1
1.33,2.8,clase 1
0.04,4.08,clase 1
2.22,3.06,clase 1
2.82,3.6,clase 1
2.75,2.94,clase 1
0.44,4.75,clase 1
3.11,3.13,clase 1
2.35,3.51,clase 1
2.79,1.81,clase 1
1.15,2.0,clase 1
2.55,3.54,clase 1
-0.62,3.94,clase 1
4.33,2.39,clase 1
2.1,1.48,clase 1
1.44,2.3,clase 1
1.2,4.46,clase 1
4.23,3.04,clase 1
2.52,3.31,clase 1
2.79,2.34,clase 1
2.77,3.56,clase 1
2.87,2.04,clase 1
2.65,2.35,clase 1
1.66,4.64,clase 1
1.9,3.84,clase 1
2.22,1.9,clase 1
1.08,3.16,clase 1
1.65,4.42,clase 1
1.2,4.67,clase 1
3.11,3.28,clase 1
3.06,2.35,clase 1
2.99,1.99,clase 1
2.32,3.43,clase 1
0.55,0.92,clase 1
3.18,0.45,clase 1
0.41,3.74,clase 1
3.27,2.53,clase 1
2.34,4.17,clase 1
2.02,4.19,clase 1
2.31,1.92,clase 1
2.59,1.61,clase 1
1.78,1.4,clase 1
3.06,2.23,clase 1
1.83,3.69,clase 1
0.49,2.14,clase 1
1.88,2.87,clase 1
0.18,2.36,clase 1
1.33,2.36,clase 1
3.75,3.62,clase 1
1.51,4.44,clase 1
3.38,4.42,clase 1
1.22,2.99,clase 1
3.36,1.66,clase 1
1.68,2.87,clase 1
2.75,3.8,clase 1
1.84,3.08,clase 1
2.56,4.46,clase 1
3.12,3.8,clase 1
3.3,2.79,clase 1
4.13,2.82,clase 1
1.28,2.91,clase 1
0.65,3.9,clase 1
0.93,4.76,clase 1
2.12,2.27,clase 1
2.13,2.72,clase 1
1.26,1.89,clase 1
2.47,3.98,clase 1
1.49,2.85,clase 1
1.86,-0.23,clase 1
2.05,1.91,clase 1
3.39,2.27,clase 1
2.05,3.69,clase 1
1.85,3.92,clase 1
3.99,2.6,clase 1
4.14,3.97,clase 1
1.59,3.08,clase 1
0.55,2.81,clase 1
2.46,2.25,clase 1
2.24,2.01,clase 1
2.82,1.66,clase 1
1.66,2.07,clase 1
1.23,3.06,clase 1
2.25,3.86,clase 1
2.12,3.28,clase 1
3.29,3.34,clase 1
1.78,3.63,clase 1
3.03,1.84,clase 1
1.59,2.85,clase 1
1.05,4.32,clase 1
2.29,2.75,clase 1
2.05,3.79,clase 1
1.29,2.09,clase 1
1.59,5.06,clase 1
2.54,3.44,clase 1
0.41,2.89,clase 1
3.24,2.42,clase 1
3.85,2.07,clase 1
2.5,4.58,clase 1
2.13,3.32,clase 1
1.8,4.15,clase 1
1.92,3.4,clase 1
2.75,2.66,clase 1
2.6,4.52,clase 1
0.58,3.28,clase 1
3.65,2.68,clase 1
0.44,0.33,clase 1
1.59,1.38,clase 1
1.72,2.99,clase 1
0.71,2.66,clase 1
3.67,1.98,clase 1
0.81,3.19,clase 1
0.97,2.32,clase 1
0.63,4.08,clase 1
0.93,3.49,clase 1
1.63,1.99,clase 1
3.08,2.97,clase 1
2.09,1.9,clase 1
4.75,4.76,clase 1
2.23,2.54,clase 1
3.13,4.57,clase 1
2.92,4.29,clase 1
2.52,2.92,clase 1
1.38,2.92,clase 1
0.48,2.95,clase 1
3.32,5.26,clase 1
1.08,1.75,clase 1
1.07,4.1,clase 1
3.08,3.88,clase 1
3.93,3.28,clase 1
1.0,1.75,clase 1
2.2,3.94,clase 1
1.12,2.19,clase 1
2.85,2.33,clase 1
2.62,2.92,clase 1
2.09,1.44,clase 1
1.26,5.04,clase 1
2.35,3.84,clase 1
1.78,1.91,clase 1
1.27,3.13,clase 1
1.85,3.4,clase 1
1.77,4.36,clase 1
0.88,4.38,clase 1
0.54,2.72,clase 1
2.88,1.63,clase 1
2.2,3.9,clase 1
1.94,3.43,clase 1
2.8,2.47,clase 1
1.98,3.71,clase 1
2.8,2.22,clase 1
0.2,3.13,clase 1
2.99,2.15,clase 1
2.42,2.89,clase 1
1.77,4.76,clase 1
3.47,4.46,clase 1
1.94,2.27,clase 1
0.72,2.64,clase 1
0.99,2.1,clase 1
3.02,2.73,clase 1
1.92,3.56,clase 1
1.71,3.26,clase 1
1.05,1.33,clase 1
2.78,3.57,clase 1
1.74,1.86,clase 1
1.75,2.08,clase 1
0.75,1.51,clase 1
1.15,1.58,clase 1
0.16,4.17,clase 1
0.96,2.71,clase 1
2.12,0.95,clase 1
2.63,1.91,clase 1
2.52,1.27,clase 1
1.25,3.44,clase 1
1.99,2.84,clase 1
-0.58,2.6,clase 1
1.39,4.19,clase 1
1.01,3.47,clase 1
0.39,2.78,clase 1
2.63,3.23,clase 1
2.32,4.79,clase 1
3.05,2.08,clase 1
1.87,2.64,clase 1
3.24,3.58,clase 1
1.49,3.98,clase 1
1.42,1.99,clase 1
1.94,2.73,clase 1
2.92,2.06,clase 1
1.71,2.87,clase 1
1.86,3.09,clase 1
2.21,2.54,clase 1
2.98,3.96,clase 1
0.64,3.0,clase 1
3.43,3.35,clase 1
0.98,2.82,clase 1
0.0,2.63,clase 1
3.55,4.31,clase 1
0.03,0.77,clase 1
1.62,2.13,clase 1
2.3,2.72,clase 1
2.26,1.53,clase 1
2.48,2.08,clase 1
1.86,2.68,clase 1
2.39,1.74,clase 1
3.12,2.55,clase 1
0.98,3.59,clase 1
0.4,2.81,clase 1
1.05,3.73,clase 1
1.42,3.32,clase 1
2.73,4.31,clase 1
0.86,5.77,clase 1
4.17,3.34,clase 1
1.36,3.41,clase 1
2.58,2.44,clase 1
1.98,3.92,clase 1
1.51,5.07,clase 1
3.1,3.28,clase 1
3.01,2.59,clase 1
0.81,3.16,clase 1
4.27,3.01,clase 1
0.57,3.94,clase 1
2.34,4.49,clase 1
1.03,3.08,clase 1
2.94,2.04,clase 1
2.19,2.71,clase 1
3.65,3.48,clase 1
2.33,2.37,clase 1
1.94,3.12,clase 1
0.46,3.4,clase 1
1.87,3.43,clase 1
1.29,5.66,clase 1
3.11,3.56,clase 1
2.71,4.03,clase 1
1.72,3.03,clase 1
2.1,3.62,clase 1
0.83,1.88,clase 1
3.25,4.32,clase 1
1.93,2.85,clase 1
3.19,2.22,clase 1
2.09,3.02,clase 1
0.56,2.81,clase 1
2.08,4.74,clase 1
2.53,2.47,clase 1
2.32,2.65,clase 1
3.71,3.04,clase 1
3.59,2.86,clase 1
2.95,3.13,clase 1
1.41,2.81,clase 1
1.96,1.99,clase 1
2.69,3.83,clase 1
1.52,3.19,clase 1
2.95,3.46,clase 1
2.52,4.22,clase 1
1.26,2.75,clase 1
2.88,2.41,clase 1
2.62,5.78,clase 1
2.81,3.36,clase 1
1.38,4.26,clase 1
1.82,2.68,clase 1
2.63,2.95,clase 1
2.87,2.21,clase 1
1.44,3.0,clase 1
0.46,2.42,clase 1
2.35,3.26,clase 1
0.72,4.2,clase 1
1.76,3.66,clase 1
0.89,2.97,clase 1
2.8,3.3,clase 1
2.53,3.18,clase 1
2.17,3.27,clase 1
1.46,2.71,clase 1
0.78,4.16,clase 1
0.98,2.13,clase 1
1.1,3.58,clase 1
1.09,3.49,clase 1
0.75,2.48,clase 1
1.86,2.98,clase 1
1.65,3.54,clase 1
0.6,2.52,clase 1
4.31,1.62,clase 1
4.2,2.43,clase 1
1.71,3.94,clase 1
2.48,3.17,clase 1
3.74,3.53,clase 1
2.45,2.42,clase 1
1.38,2.73,clase 1
2.15,3.17,clase 1
2.14,3.53,clase 1
2.02,2.67,clase 1
1.92,4.54,clase 1
2.07,3.18,clase 1
1.66,2.41,clase 1
1.61,3.27,clase 1
2.21,0.99,clase 1
3.26,3.55,clase 1
3.02,3.62,clase 1
0.58,4.9,clase 1
2.37,3.29,clase 1
1.58,3.61,clase 1
0.39,3.75,clase 1
4.02,2.64,clase 1
1.51,3.05,clase 1
2.47,2.68,clase 1
-0.18,3.53,clase 1
3.2,2.49,clase 1
2.87,2.3,clase 1
0.67,2.59,clase 1
-0.53,2.41,clase 1
2.1,1.89,clase 1
0.6,2.72,clase 1
1.46,4.75,clase 1
2.38,2.57,clase 1
3.39,2.84,clase 1
2.4,2.17,clase 1
2.17,2.38,clase 1
0.72,2.61,clase 1
1.09,4.86,clase 1
0.64,0.94,clase 1
2.01,5.86,clase 1
1.01,2.27,clase 1
3.25,3.84,clase 1
1.88,2.55,clase 1
2.3,2.32,clase 1
1.96,5.12,clase 1
0.85,2.95,clase 1
2.22,2.89,clase 1
1.12,2.4,clase 1
2.84,2.06,clase 1
2.05,0.92,clase 1
2.4,4.23,clase 1
2.2,4.34,clase 1
2.41,3.7,clase 1
2.03,4.23,clase 1
1.62,3.81,clase 1
2.96,2.42,clase 1
2.45,2.31,clase 1
0.82,4.74,clase 1
1.7,3.12,clase 1
1.86,3.8,clase 1
2.18,3.78,clase 1
1.19,2.1,clase 1
0.44,2.8,clase 1
3.66,3.83,clase 1
1.11,5.69,clase 1
3.31,3.37,clase 1
0.14,2.9,clase 1
0.36,4.58,clase 1
2.44,4.43,clase 1
3.09,4.11,clase 1
0.71,4.5,clase 1
2.51,4.45,clase 1
1.53,2.41,clase 1
1.45,1.88,clase 1
0.54,4.33,clase 1
0.48,1.59,clase 1
2.5,2.41,clase 1
0.31,2.11,clase 1
2.51,2.33,clase 1
3.26,3.45,clase 1
0.88,2.69,clase 1
3.47,2.5,clase 1
1.51,3.14,clase 1
1.69,3.12,clase 1
1.01,4.23,clase 1
1.51,2.58,clase 1
2.02,2.04,clase 1
3.0,2.19,clase 1
3.05,1.52,clase 1
2.91,1.62,clase 1
1.97,3.67,clase 1
2.5,2.65,clase 1
2.03,3.2,clase 1
1.61,1.28,clase 1
1.25,3.14,clase 1
2.01,2.82,clase 1
2.44,2.38,clase 1
0.78,1.4,clase 1
0.55,2.44,clase 1
0.52,3.72,clase 1
1.14,3.01,clase 1
2.26,1.14,clase 1
1.62,1.99,clase 1
2.09,2.77,clase 1
0.07,4.66,clase 1
2.66,2.05,clase 1
1.41,3.97,clase 1
2.37,4.47,clase 1
1.42,1.66,clase 1
2.9,4.01,clase 1
0.4,3.4,clase 1
1.12,3.33,clase 1
0.86,1.89,clase 1
1.74,2.31,clase 1
-0.66,3.21,clase 1
3.39,3.57,clase 1
3.4,3.01,clase 1
2.37,3.46,clase 1
1.3,2.73,clase 1
1.11,3.63,clase 1
2.67,2.81,clase 1
2.49,2.12,clase 1
1.9,4.41,clase 1
-0.16,2.74,clase 1
2.56,3.92,clase 1
1.26,4.18,clase 1
0.84,1.97,clase 1
3.04,2.1,clase 1
2.52,2.68,clase 1
1.66,3.63,clase 1
2.7,4.16,clase 1
2.65,3.27,clase 1
1.84,3.29,clase 1
0.92,3.69,clase 1
1.2,5.62,clase 1
2.13,2.29,clase 1
0.5,1.1,clase 1
1.92,4.51,clase 1
0.26,2.83,clase 1
2.46,1.66,clase 1
2.46,1.95,clase 1
3.25,2.77,clase 1
1.7,1.91,clase 1
3.48,3.33,clase 1
2.99,2.48,clase 1
1.77,3.16,clase 1
1.6,2.92,clase 1
1.46,2.57,clase 1
-0.03,2.29,clase 1
3.52,4.94,clase 1
2.19,3.65,clase 1
1.73,2.97,clase 1
3.76,3.29,clase 1
1.52,0.98,clase 1
1.89,3.07,clase 1
2.65,3.58,clase 1
2.35,2.2,clase 1
1.44,4.14,clase 1
2.19,5.21,clase 1
1.72,2.35,clase 1
2.89,2.9,clase 1
0.43,4.64,clase 1
-0.45,2.35,clase 1
0.87,3.37,clase 1
2.96,3.56,clase 1
1.16,3.05,clase 1
2.41,2.95,clase 1
3.34,3.59,clase 1
0.33,2.28,clase 1
2.72,1.82,clase 1
3.68,2.02,clase 1
1.64,2.64,clase 1
0.78,2.72,clase 1
0.42,3.27,clase 1
3.37,2.77,clase 1
1.78,2.32,clase 1
2.22,3.05,clase 1
1.62,3.66,clase 1
2.5,3.35,clase 1
2.25,4.18,clase 1
1.86,2.89,clase 1
1.83,2.22,clase 1
1.46,3.01,clase 1
1.75,2.98,clase 1
2.05,5.21,clase 1
2.31,4.49,clase 1
3.07,2.98,clase 1
2.26,2.8,clase 1
3.7,4.75,clase 1
2.28,2.62,clase 1
1.17,3.82,clase 1
2.32,3.89,clase 1
1.85,2.07,clase 1
2.53,2.3,clase 1
1.26,2.82,clase 1
4.66,3.21,clase 1
1.96,2.04,clase 1
2.19,4.48,clase 1
2.21,2.79,clase 1
1.26,5.14,clase 1
2.96,1.88,clase 1
-0.1,2.84,clase 1
2.83,2.99,clase 1
1.16,2.94,clase 1
1.64,3.21,clase 1
0.92,2.04,clase 1
1.58,2.33,clase 1
2.69,3.03,clase 1
1.82,3.78,clase 1
1.32,3.74,clase 1
2.76,2.81,clase 1
1.69,1.69,clase 1
2.91,3.28,clase 1
2.66,5.25,clase 1
1.97,3.02,clase 1
2.74,0.97,clase 1
1.27,2.3,clase 1
2.82,4.93,clase 1
2.76,2.37,clase 1
3.37,2.38,clase 1
4.17,3.4,clase 1
2.43,3.78,clase 1
2.29,3.64,clase 1
2.07,4.01,clase 1
1.02,3.9,clase 1
1.6,3.28,clase 1
1.61,1.8,clase 1
0.97,2.18,clase 1
1.76,3.25,clase 1
1.37,4.07,clase 1
1.42,2.91,clase 1
2.64,4.02,clase 1
3.76,3.97,clase 1
1.75,2.16,clase 1
2.51,5.6,clase 1
2.7,1.34,clase 1
2.16,5.72,clase 1
2.55,2.08,clase 1
1.85,3.26,clase 1
2.63,1.42,clase 1
2.54,2.17,clase 1
1.83,0.66,clase 1
1.43,3.23,clase 1
0.24,2.67,clase 1
1.42,1.73,clase 1
1.8,3.21,clase 1
0.58,2.77,clase 1
0.76,4.09,clase 1
0.9,4.0,clase 1
3.45,4.44,clase 1
2.48,2.66,clase 1
-0.6,2.14,clase 1
2.19,2.13,clase 1
0.65,0.23,clase 1
1.18,3.12,clase 1
0.98,1.77,clase 1
0.73,2.87,clase 1
2.31,4.84,clase 1
1.73,1.73,clase 1
3.73,2.49,clase 1
0.93,0.93,clase 1
1.79,2.42,clase 1
1.33,2.39,clase 1
2.36,2.69,clase 1
1.08,3.13,clase 1
3.41,2.21,clase 1
2.1,3.51,clase 1
2.77,4.82,clase 1
1.61,2.74,clase 1
3.69,2.77,clase 1
1.11,4.28,clase 1
1.05,2.76,clase 1
3.74,2.72,clase 1
2.11,2.79,clase 1
2.22,3.9,clase 1
2.75,2.04,clase 1
3.71,3.7,clase 1
0.38,2.71,clase 1
0.2,4.17,clase 1
2.58,4.47,clase 1
1.44,2.55,clase 1
0.62,1.96,clase 1
0.8,3.46,clase 1
2.66,5.08,clase 1
1.73,1.89,clase 1
0.25,4.26,clase 1
1.81,2.07,clase 1
1.79,3.38,clase 1
3.69,1.88,clase 1
0.45,2.88,clase 1
1.24,2.62,clase 1
2.7,2.03,clase 1
2.7,3.58,clase 1
2.41,3.35,clase 1
3.27,2.38,clase 1
0.84,2.78,clase 1
1.65,2.48,clase 1
1.55,1.59,clase 1
2.74,2.84,clase 1
3.14,1.5,clase 1
2.68,4.15,clase 1
1.42,2.43,clase 1
4.74,4.46,clase 1
2.16,3.7,clase 1
2.0,3.48,clase 1
-0.27,1.8,clase 1
2.19,1.23,clase 1
2.63,2.49,clase 1
1.88,2.58,clase 1
0.85,2.2,clase 1
-0.2,0.35,clase 1
2.09,2.71,clase 1
1.02,1.75,clase 1
0.97,3.36,clase 1
1.63,3.08,clase 1
1.41,3.81,clase 1
1.28,3.28,clase 1
2.8,1.9,clase 1
2.48,2.18,clase 1
1.24,1.92,clase 1
1.92,3.62,clase 1
1.92,3.77,clase 1
2.21,2.74,clase 1
1.5,2.59,clase 1
3.83,2.32,clase 1
3.73,2.03,clase 1
1.08,3.37,clase 1
0.81,2.15,clase 1
2.07,3.3,clase 1
3.45,1.3,clase 1
2.4,4.92,clase 1
1.32,2.44,clase 1
2.82,2.96,clase 1
0.24,3.5,clase 1
3.0,4.06,clase 1
3.29,3.7,clase 1
-0.08,1.78,clase 1
2.05,2.72,clase 1
1.12,3.71,clase 1
1.83,3.9,clase 1
3.76,0.05,clase 1
2.94,3.43,clase 1
-0.38,3.79,clase 1
2.07,0.55,clase 1
2.14,2.49,clase 1
3.02,2.45,clase 1
2.69,4.47,clase 1
3.03,3.25,clase 1
2.9,2.73,clase 1
2.26,1.9,clase 1
1.52,2.06,clase 1
0.75,3.12,clase 1
3.97,2.69,clase 1
3.24,2.92,clase 1
1.51,2.29,clase 1
3.08,2.93,clase 1
3.53,2.4,clase 1
3.35,3.71,clase 1
1.88,2.5,clase 1
3.06,3.8,clase 1
1.63,3.13,clase 1
1.01,3.2,clase 1
1.85,2.21,clase 1
0.95,3.84,clase 1
2.79,4.17,clase 1
4.36,3.78,clase 1
2.87,3.7,clase 1
2.51,2.94,clase 1
3.64,2.7,clase 1
-0.65,3.62,clase 1
1.81,3.59,clase 1
1.58,1.79,clase 1
4.73,2.71,clase 1
0.65,5.13,clase 1
2.36,2.82,clase 1
0.5,3.2,clase 1
0.38,3.2,clase 1
1.72,1.81,clase 1
-0.36,3.65,clase 1
2.55,3.52,clase 1
2.81,2.58,clase 1
1.63,2.49,clase 1
-0.91,3.67,clase 1
2.91,2.87,clase 1
3.7,3.6,clase 1
2.82,2.94,clase 1
1.95,3.06,clase 1
1.63,2.99,clase 1
1.15,4.4,clase 1
2.36,3.06,clase 1
0.92,4.34,clase 1
1.62,4.29,clase 1
1.68,3.97,clase 1
1.59,2.3,clase 1
0.33,3.24,clase 1
1.92,2.69,clase 1
2.0,5.07,clase 1
4.52,4.79,clase 1
3.36,1.33,clase 1
4.5,1.63,clase 1
1.37,0.96,clase 1
1.36,4.55,clase 1
1.54,2.65,clase 1
3.72,4.13,clase 1
1.57,2.95,clase 1
2.43,3.93,clase 1
1.23,2.71,clase 1
2.28,2.39,clase 1
1.18,2.5,clase 1
2.51,1.3,clase 1
3.59,2.3,clase 1
3.19,4.0,clase 1
0.68,4.25,clase 1
1.24,2.98,clase 1
0.91,4.27,clase 1
2.01,2.53,clase 1
1.64,2.99,clase 1
2.63,2.62,clase 1
2.14,2.96,clase 1
2.66,3.14,clase 1
3.63,2.55,clase 1
0.26,1.37,clase 1
2.64,2.77,clase 1
1.51,2.72,clase 1
3.74,3.81,clase 1
1.09,2.25,clase 1
2.62,2.66,clase 1
2.37,3.7,clase 1
1.75,3.1,clase 1
2.36,1.8,clase 1
2.7,3.41,clase 1
0.21,2.87,clase 1
2.63,4.35,clase 1
1.98,2.7,clase 1
3.01,3.67,clase 1
1.16,3.48,clase 1
2.74,2.54,clase 1
2.42,2.5,clase 1
3.33,1.87,clase 1
0.7,2.21,clase 1
3.83,2.28,clase 1
4.23,3.36,clase 1
0.0,3.75,clase 1
0.86,2.9,clase 1
2.78,2.54,clase 1
1.92,1.85,clase 1
1.86,2.47,clase 1
0.91,3.19,clase 1
1.75,1.65,clase 1
2.26,2.24,clase 1
1.92,2.13,clase 1
1.27,2.62,clase 1
3.13,3.43,clase 1
2.31,2.24,clase 1
1.61,4.51,clase 1
3.34,2.79,clase 1
1.72,2.36,clase 1
2.74,1.68,clase 1
2.42,4.16,clase 1
1.85,0.54,clase 1
0.51,2.65,clase 1
2.34,1.63,clase 1
2.39,2.27,clase 1
1.7,3.03,clase 1
1.29,1.22,clase 1
2.24,3.17,clase 1
1.45,3.7,clase 1
1.64,3.48,clase 1
1.08,1.69,clase 1
1.69,2.56,clase 1
2.25,2.5,clase 1
2.15,3.41,clase 1
2.42,3.3,clase 1
1.08,2.17,clase 1
2.05,3.22,clase 1
3.43,2.82,clase 1
1.04,3.15,clase 1
1.84,1.85,clase 1
1.32,4.33,clase 1
1.66,3.37,clase 1
3.33,4.32,clase 1
2.45,2.93,clase 1
0.98,2.81,clase 1
2.82,3.52,clase 1
-0.4,2.37,clase 1
2.66,4.2,clase 1
0.46,5.16,clase 1
2.69,2.25,clase 1
0.66,2.78,clase 1
1.1,3.31,clase 1
2.13,2.61,clase 1
-0.21,2.72,clase 1
1.24,4.22,clase 1
0.2,3.33,clase 1
1.76,0.82,clase 1
1.9,2.83,clase 1
0.87,4.62,clase 1
2.18,3.01,clase 1
1.15,4.41,clase 1
2.49,2.5,clase 1
2.24,3.33,clase 1
3.48,2.41,clase 1
2.24,5.8,clase 1
0.9,3.73,clase 1
1.78,1.86,clase 1
0.97,3.32,clase 1
1.65,3.5,clase 1
3.23,3.9,clase 1
1.99,2.51,clase 1
1.36,3.55,clase 1
0.9,3.87,clase 1
0.59,3.41,clase 1
2.08,4.53,clase 1
-0.32,3.23,clase 1
1.03,3.0,clase 1
1.86,2.07,clase 1
0.91,2.55,clase 1
2.52,2.83,clase 1
1.84,2.31,clase 1
3.07,4.65,clase 1
2.29,2.95,clase 1
2.36,1.94,clase 1
1.81,4.39,clase 1
1.73,2.6,clase 1
2.2,4.61,clase 1
2.0,3.61,clase 1
0.55,2.12,clase 1
1.53,2.94,clase 1
0.93,4.19,clase 1
1.48,1.42,clase 1
2.2,2.82,clase 1
3.27,1.72,clase 1
2.99,3.44,clase 1
5.48,5.08,clase 3
4.93,8.62,clase 3
3.91,6.59,clase 3
5.7,6.11,clase 3
3.74,6.07,clase 3
5.23,5.63,clase 3
6.49,5.8,clase 3
4.83,3.21,clase 3
4.58,6.94,clase 3
4.42,5.87,clase 3
4.6,6.58,clase 3
4.36,5.31,clase 3
5.62,6.18,clase 3
2.97,5.18,clase 3
5.92,5.88,clase 3
3.94,4.97,clase 3
5.39,5.06,clase 3
4.83,6.34,clase 3
3.83,6.0,clase 3
5.6,5.84,clase 3
7.37,5.54,clase 3
4.14,5.65,clase 3
5.42,6.18,clase 3
5.25,6.36,clase 3
4.4,7.74,clase 3
5.51,5.75,clase 3
6.74,5.55,clase 3
5.46,5.77,clase 3
5.78,5.04,clase 3
5.59,7.12,clase 3
5.49,6.96,clase 3
6.55,6.17,clase 3
6.16,5.65,clase 3
5.35,4.77,clase 3
6.48,6.47,clase 3
5.18,5.83,clase 3
5.38,5.92,clase 3
5.79,5.72,clase 3
5.07,5.54,clase 3
5.6,6.97,clase 3
6.12,8.18,clase 3
4.09,6.22,clase 3
6.3,4.48,clase 3
5.15,6.22,clase 3
2.56,6.5,clase 3
5.63,4.14,clase 3
4.31,5.89,clase 3
5.14,6.88,clase 3
3.91,6.73,clase 3
5.09,6.3,clase 3
5.32,5.04,clase 3
3.97,7.22,clase 3
5.26,5.15,clase 3
4.37,6.06,clase 3
4.61,5.8,clase 3
4.32,5.56,clase 3
1.74,4.12,clase 3
4.64,5.1,clase 3
4.37,7.54,clase 3
4.84,5.2,clase 3
4.04,7.59,clase 3
3.87,4.38,clase 3
6.0,6.46,clase 3
4.57,4.71,clase 3
6.26,7.27,clase 3
5.87,7.49,clase 3
4.46,7.17,clase 3
5.42,5.23,clase 3
6.4,4.58,clase 3
5.62,5.44,clase 3
4.19,5.28,clase 3
5.71,6.08,clase 3
3.2,5.88,clase 3
5.29,6.26,clase 3
5.67,4.05,clase 3
5.46,5.65,clase 3
4.35,7.16,clase 3
5.29,6.85,clase 3
5.66,4.72,clase 3
4.51,5.93,clase 3
5.44,4.97,clase 3
3.45,6.26,clase 3
4.99,5.77,clase 3
5.19,5.41,clase 3
5.54,5.83,clase 3
4.84,7.61,clase 3
4.76,4.8,clase 3
5.13,4.66,clase 3
3.89,4.32,clase 3
4.79,6.09,clase 3
8.33,5.31,clase 3
4.52,5.22,clase 3
5.94,6.77,clase 3
5.68,6.59,clase 3
7.5,7.82,clase 3
4.32,5.96,clase 3
5.04,4.53,clase 3
4.28,5.94,clase 3
4.92,5.44,clase 3
3.93,5.24,clase 3
4.74,5.89,clase 3
4.15,2.55,clase 3
5.27,7.3,clase 3
4.78,6.97,clase 3
3.81,6.91,clase 3
4.74,5.58,clase 3
5.08,6.28,clase 3
5.2,4.35,clase 3
6.24,4.49,clase 3
4.34,5.75,clase 3
7.05,3.65,clase 3
5.66,6.04,clase 3
5.69,4.1,clase 3
4.97,5.99,clase 3
4.52,5.5,clase 3
5.23,4.15,clase 3
5.74,7.23,clase 3
5.12,4.95,clase 3
5.32,4.87,clase 3
7.11,4.08,clase 3
4.23,7.04,clase 3
5.54,7.28,clase 3
6.32,6.0,clase 3
4.95,3.81,clase 3
4.5,7.17,clase 3
4.91,5.39,clase 3
4.75,6.44,clase 3
3.54,6.04,clase 3
5.13,6.34,clase 3
5.03,5.42,clase 3
5.71,7.08,clase 3
4.45,5.14,clase 3
3.54,7.18,clase 3
4.9,6.78,clase 3
4.91,4.82,clase 3
5.15,5.68,clase 3
4.91,5.01,clase 3
4.75,5.92,clase 3
5.43,5.5,clase 3
6.06,6.96,clase 3
5.35,4.92,clase 3
5.07,7.44,clase 3
5.94,5.68,clase 3
4.32,6.14,clase 3
3.38,5.18,clase 3
4.96,7.74,clase 3
4.74,5.81,clase 3
4.1,7.2,clase 3
4.57,4.85,clase 3
5.5,6.45,clase 3
5.29,7.0,clase 3
5.48,6.39,clase 3
2.88,6.13,clase 3
4.24,6.39,clase 3
4.57,5.13,clase 3
4.21,6.96,clase 3
3.91,4.53,clase 3
4.12,4.62,clase 3
3.4,6.44,clase 3
5.14,6.85,clase 3
5.9,6.06,clase 3
5.65,5.65,clase 3
5.5,4.25,clase 3
5.08,4.13,clase 3
5.53,7.01,clase 3
4.18,6.14,clase 3
5.08,6.27,clase 3
3.49,4.58,clase 3
6.18,6.15,clase 3
3.53,6.75,clase 3
4.09,5.94,clase 3
5.82,5.28,clase 3
4.91,6.26,clase 3
4.97,4.48,clase 3
4.81,7.83,clase 3
4.97,5.52,clase 3
3.15,7.07,clase 3
5.1,5.86,clase 3
4.0,6.7,clase 3
5.42,5.08,clase 3
6.24,6.18,clase 3
4.25,6.01,clase 3
5.03,7.3,clase 3
6.1,5.56,clase 3
4.5,4.17,clase 3
6.16,7.94,clase 3
5.93,6.31,clase 3
4.31,5.77,clase 3
3.82,6.38,clase 3
4.84,6.0,clase 3
5.45,4.65,clase 3
4.98,4.65,clase 3
4.0,4.71,clase 3
5.43,5.66,clase 3
4.91,4.51,clase 3
5.14,5.41,clase 3
6.0,4.07,clase 3
5.55,4.1,clase 3
6.01,6.54,clase 3
5.35,6.12,clase 3
6.3,6.54,clase 3
3.22,4.52,clase 3
5.09,5.65,clase 3
4.3,6.42,clase 3
5.19,6.06,clase 3
5.09,6.39,clase 3
5.09,4.8,clase 3
3.84,5.69,clase 3
4.99,6.93,clase 3
5.31,5.18,clase 3
5.34,5.65,clase 3
5.9,5.75,clase 3
5.14,5.27,clase 3
2.34,4.37,clase 3
3.35,5.91,clase 3
4.95,7.02,clase 3
4.93,5.73,clase 3
5.8,6.64,clase 3
4.16,5.6,clase 3
2.9,6.6,clase 3
6.64,5.24,clase 3
6.33,6.5,clase 3
5.18,8.04,clase 3
3.73,5.45,clase 3
3.49,4.6,clase 3
4.88,5.78,clase 3
5.06,6.61,clase 3
6.2,5.9,clase 3
6.15,5.77,clase 3
5.88,6.56,clase 3
4.97,6.5,clase 3
6.11,6.23,clase 3
6.25,6.92,clase 3
4.22,4.81,clase 3
5.25,5.02,clase 3
3.82,7.76,clase 3
4.63,6.93,clase 3
5.2,4.69,clase 3
7.12,5.87,clase 3
3.39,4.59,clase 3
4.65,6.0,clase 3
5.38,5.64,clase 3
4.2,5.14,clase 3
6.35,6.89,clase 3
4.04,7.25,clase 3
6.19,7.2,clase 3
5.79,7.53,clase 3
5.78,5.51,clase 3
3.84,7.31,clase 3
4.62,5.18,clase 3
3.21,8.02,clase 3
4.43,5.12,clase 3
5.19,6.12,clase 3
4.82,6.74,clase 3
7.21,5.14,clase 3
6.93,5.98,clase 3
4.65,5.24,clase 3
7.06,7.26,clase 3
5.56,7.22,clase 3
5.13,8.78,clase 3
4.23,5.47,clase 3
4.0,4.72,clase 3
5.3,6.56,clase 3
4.76,7.63,clase 3
3.49,5.53,clase 3
7.05,5.81,clase 3
6.55,6.94,clase 3
5.48,5.04,clase 3
4.91,6.97,clase 3
5.02,5.21,clase 3
4.62,5.01,clase 3
4.68,6.52,clase 3
6.37,6.38,clase 3
5.01,6.53,clase 3
5.52,5.09,clase 3
5.26,6.0,clase 3
4.1,6.39,clase 3
3.66,5.63,clase 3
4.97,6.09,clase 3
5.21,6.36,clase 3
4.47,6.59,clase 3
4.86,6.31,clase 3
5.77,4.67,clase 3
6.01,7.53,clase 3
4.34,4.75,clase 3
5.05,7.75,clase 3
3.53,6.52,clase 3
4.72,5.38,clase 3
5.56,6.68,clase 3
4.92,5.74,clase 3
7.03,6.22,clase 3
3.92,5.71,clase 3
4.48,6.96,clase 3
3.75,7.21,clase 3
6.31,5.03,clase 3
6.36,7.43,clase 3
5.76,4.92,clase 3
5.37,6.75,clase 3
4.5,6.03,clase 3
6.51,5.79,clase 3
5.88,6.96,clase 3
4.34,6.97,clase 3
4.72,7.86,clase 3
5.36,5.82,clase 3
4.19,6.64,clase 3
5.6,5.78,clase 3
4.48,6.24,clase 3
4.6,6.02,clase 3
6.09,6.35,clase 3
4.83,5.02,clase 3
5.23,8.5,clase 3
4.34,5.4,clase 3
3.41,4.79,clase 3
4.38,4.58,clase 3
2.81,4.17,clase 3
5.99,5.79,clase 3
6.84,5.64,clase 3
7.12,5.17,clase 3
3.7,4.38,clase 3
5.01,6.02,clase 3
4.76,4.5,clase 3
4.24,7.03,clase 3
6.19,6.13,clase 3
5.02,6.0,clase 3
3.84,5.7,clase 3
5.91,6.23,clase 3
5.72,4.59,clase 3
4.67,7.22,clase 3
3.34,5.32,clase 3
2.58,3.92,clase 3
5.86,7.02,clase 3
5.07,7.22,clase 3
4.84,4.93,clase 3
5.61,6.86,clase 3
6.66,6.06,clase 3
6.98,5.38,clase 3
5.8,6.05,clase 3
5.51,6.5,clase 3
6.39,6.27,clase 3
5.3,6.27,clase 3
5.63,5.75,clase 3
4.31,7.38,clase 3
5.45,6.02,clase 3
5.44,7.04,clase 3
5.22,7.05,clase 3
4.2,6.62,clase 3
3.93,5.82,clase 3
5.37,5.87,clase 3
3.05,5.01,clase 3
5.03,6.58,clase 3
4.99,5.88,clase 3
5.56,6.84,clase 3
4.39,5.23,clase 3
6.48,6.25,clase 3
3.34,6.76,clase 3
3.78,6.04,clase 3
4.79,8.02,clase 3
4.3,6.59,clase 3
5.23,7.32,clase 3
5.63,8.75,clase 3
3.64,5.59,clase 3
6.05,5.04,clase 3
3.95,7.32,clase 3
3.56,4.64,clase 3
5.15,6.33,clase 3
3.95,5.0,clase 3
3.41,4.3,clase 3
4.87,4.18,clase 3
5.47,6.25,clase 3
3.41,6.38,clase 3
3.72,4.92,clase 3
2.98,6.49,clase 3
5.75,5.94,clase 3
4.44,6.52,clase 3
6.16,5.67,clase 3
4.15,7.47,clase 3
6.12,5.55,clase 3
5.87,5.92,clase 3
5.52,7.83,clase 3
5.66,5.88,clase 3
5.77,5.89,clase 3
5.65,6.99,clase 3
5.84,5.58,clase 3
4.4,5.94,clase 3
6.07,4.55,clase 3
3.34,5.71,clase 3
5.67,5.52,clase 3
4.84,4.8,clase 3
5.36,5.4,clase 3
5.29,5.92,clase 3
4.09,5.6,clase 3
4.56,5.5,clase 3
5.15,5.53,clase 3
4.5,4.94,clase 3
5.01,7.2,clase 3
4.58,6.55,clase 3
5.25,7.08,clase 3
3.57,6.63,clase 3
5.15,5.28,clase 3
4.25,5.59,clase 3
6.37,6.58,clase 3
4.9,5.81,clase 3
2.29,7.0,clase 3
3.74,5.35,clase 3
4.48,6.29,clase 3
4.16,7.95,clase 3
4.87,7.12,clase 3
5.62,4.34,clase 3
4.96,6.29,clase 3
2.94,6.33,clase 3
3.91,6.66,clase 3
3.92,4.28,clase 3
6.35,6.34,clase 3
4.9,6.15,clase 3
4.51,4.59,clase 3
3.86,6.04,clase 3
5.54,5.12,clase 3
4.71,4.49,clase 3
5.77,8.28,clase 3
6.19,6.25,clase 3
5.5,8.29,clase 3
3.06,6.49,clase 3
3.95,5.82,clase 3
6.68,3.46,clase 3
5.25,6.57,clase 3
5.25,5.62,clase 3
4.66,5.5,clase 3
6.02,5.66,clase 3
5.42,6.23,clase 3
2.63,5.69,clase 3
5.52,4.49,clase 3
4.85,6.11,clase 3
5.64,5.85,clase 3
4.27,5.34,clase 3
4.29,5.41,clase 3
4.17,6.67,clase 3
4.8,6.68,clase 3
5.85,6.93,clase 3
5.31,6.4,clase 3
5.59,6.26,clase 3
5.33,7.02,clase 3
4.99,7.73,clase 3
6.08,5.76,clase 3
5.02,5.67,clase 3
5.22,5.95,clase 3
5.59,5.75,clase 3
3.48,5.12,clase 3
5.93,5.14,clase 3
3.96,5.03,clase 3
5.0,6.15,clase 3
6.58,5.65,clase 3
5.85,5.05,clase 3
7.13,6.89,clase 3
2.18,5.56,clase 3
5.27,5.26,clase 3
6.08,6.25,clase 3
5.44,5.59,clase 3
4.14,8.35,clase 3
6.03,7.65,clase 3
5.74,6.52,clase 3
7.51,6.38,clase 3
6.79,5.55,clase 3
5.32,6.92,clase 3
4.49,5.96,clase 3
5.02,6.72,clase 3
7.42,7.46,clase 3
3.6,6.77,clase 3
5.08,4.52,clase 3
4.82,7.09,clase 3
5.52,5.96,clase 3
4.87,5.29,clase 3
4.81,6.77,clase 3
6.07,7.18,clase 3
4.76,6.64,clase 3
3.29,6.17,clase 3
5.44,5.87,clase 3
4.18,5.27,clase 3
5.17,7.44,clase 3
5.71,5.93,clase 3
4.51,6.04,clase 3
5.83,6.26,clase 3
6.2,5.83,clase 3
6.72,5.55,clase 3
3.86,4.49,clase 3
3.93,6.04,clase 3
4.79,5.3,clase 3
4.75,6.89,clase 3
3.0,6.65,clase 3
5.33,4.29,clase 3
5.52,5.58,clase 3
2.77,7.11,clase 3
4.86,5.41,clase 3
5.69,6.96,clase 3
3.88,5.35,clase 3
5.53,6.76,clase 3
4.35,5.15,clase 3
5.3,7.18,clase 3
5.97,4.98,clase 3
5.86,3.46,clase 3
3.99,4.98,clase 3
4.5,4.25,clase 3
5.51,6.22,clase 3
7.39,5.38,clase 3
3.7,6.18,clase 3
4.68,4.17,clase 3
3.78,6.2,clase 3
4.97,5.93,clase 3
4.26,5.21,clase 3
5.11,5.61,clase 3
5.23,5.32,clase 3
7.09,6.46,clase 3
5.28,5.17,clase 3
5.73,5.56,clase 3
6.28,5.71,clase 3
6.05,7.66,clase 3
5.04,6.29,clase 3
6.21,5.75,clase 3
5.98,4.91,clase 3
5.02,4.72,clase 3
5.14,6.38,clase 3
5.5,5.57,clase 3
5.11,5.58,clase 3
4.48,6.22,clase 3
3.24,7.1,clase 3
4.7,6.94,clase 3
4.84,5.29,clase 3
5.58,6.2,clase 3
5.29,6.33,clase 3
4.66,3.83,clase 3
6.22,6.1,clase 3
4.6,5.15,clase 3
5.67,5.26,clase 3
5.8,5.53,clase 3
6.12,4.99,clase 3
6.25,4.01,clase 3
3.23,6.5,clase 3
5.57,5.61,clase 3
6.53,4.83,clase 3
4.6,5.44,clase 3
4.65,6.42,clase 3
5.8,6.94,clase 3
4.73,6.77,clase 3
5.47,6.85,clase 3
5.65,6.09,clase 3
5.33,5.41,clase 3
6.14,5.17,clase 3
5.55,6.5,clase 3
5.79,6.83,clase 3
4.66,7.17,clase 3
5.77,5.42,clase 3
6.23,6.2,clase 3
4.14,5.98,clase 3
5.84,4.54,clase 3
4.29,9.44,clase 3
5.04,5.82,clase 3
3.38,6.84,clase 3
6.31,5.9,clase 3
5.05,7.6,clase 3
4.97,6.82,clase 3
5.64,4.99,clase 3
6.08,6.17,clase 3
4.39,5.6,clase 3
5.37,5.39,clase 3
4.08,4.44,clase 3
4.85,6.25,clase 3
3.94,6.06,clase 3
5.71,5.59,clase 3
4.44,5.04,clase 3
4.99,7.95,clase 3
5.77,5.54,clase 3
4.36,7.56,clase 3
4.47,5.51,clase 3
6.25,6.09,clase 3
5.19,7.59,clase 3
6.3,7.03,clase 3
4.87,6.99,clase 3
4.96,5.44,clase 3
4.72,6.99,clase 3
4.53,5.31,clase 3
5.61,5.48,clase 3
4.36,5.0,clase 3
6.56,5.68,clase 3
7.34,5.34,clase 3
3.52,5.5,clase 3
5.2,6.23,clase 3
6.39,7.3,clase 3
4.0,5.81,clase 3
4.41,6.45,clase 3
6.04,6.2,clase 3
3.65,5.37,clase 3
4.95,6.51,clase 3
4.08,6.9,clase 3
5.17,5.6,clase 3
5.58,5.71,clase 3
5.14,7.02,clase 3
5.13,6.15,clase 3
3.54,5.98,clase 3
4.73,7.2,clase 3
4.94,6.91,clase 3
5.56,5.23,clase 3
4.7,4.4,clase 3
1.47,5.99,clase 3
3.69,6.7,clase 3
6.03,5.97,clase 3
4.24,6.07,clase 3
6.1,4.74,clase 3
4.37,5.67,clase 3
5.91,4.88,clase 3
5.26,5.68,clase 3
3.72,7.31,clase 3
4.56,6.59,clase 3
4.82,5.23,clase 3
2.96,5.76,clase 3
4.69,6.76,clase 3
4.97,7.27,clase 3
5.66,6.06,clase 3
5.02,4.76,clase 3
6.22,6.73,clase 3
4.85,8.88,clase 3
5.79,6.14,clase 3
4.35,8.03,clase 3
3.39,4.04,clase 3
2.5,6.36,clase 3
5.51,6.75,clase 3
5.54,5.72,clase 3
4.96,5.74,clase 3
6.12,6.64,clase 3
3.07,6.07,clase 3
4.53,5.39,clase 3
5.64,7.3,clase 3
7.8,3.94,clase 3
5.27,6.39,clase 3
5.96,4.61,clase 3
4.76,4.9,clase 3
4.9,4.22,clase 3
6.38,5.84,clase 3
4.49,6.58,clase 3
6.49,6.59,clase 3
5.78,5.28,clase 3
5.13,6.86,clase 3
5.8,4.98,clase 3
4.62,3.91,clase 3
4.37,7.44,clase 3
5.67,5.69,clase 3
5.15,7.11,clase 3
5.12,5.9,clase 3
4.02,7.4,clase 3
5.74,7.09,clase 3
3.52,7.09,clase 3
5.05,5.44,clase 3
2.65,8.14,clase 3
5.39,5.92,clase 3
6.56,5.38,clase 3
6.47,6.55,clase 3
3.63,5.12,clase 3
4.29,5.87,clase 3
6.56,5.91,clase 3
5.8,6.29,clase 3
4.85,3.9,clase 3
4.16,6.71,clase 3
5.85,6.5,clase 3
5.32,4.67,clase 3
2.88,5.8,clase 3
6.37,6.95,clase 3
7.1,4.62,clase 3
7.28,4.94,clase 3
5.44,4.78,clase 3
2.13,6.54,clase 3
4.46,4.74,clase 3
4.39,5.73,clase 3
5.14,5.2,clase 3
5.1,6.32,clase 3
4.56,6.48,clase 3
4.07,6.65,clase 3
6.59,8.13,clase 3
3.53,6.72,clase 3
5.59,6.28,clase 3
4.38,5.11,clase 3
7.4,6.42,clase 3
4.54,7.4,clase 3
4.9,6.28,clase 3
6.17,7.97,clase 3
3.51,5.18,clase 3
3.17,6.88,clase 3
5.14,6.19,clase 3
5.12,6.86,clase 3
5.05,7.01,clase 3
4.32,4.36,clase 3
5.74,8.27,clase 3
4.62,7.7,clase 3
4.74,5.59,clase 3
5.46,4.75,clase 3
4.46,4.94,clase 3
4.06,4.89,clase 3
5.55,5.99,clase 3
5.69,5.3,clase 3
4.96,5.47,clase 3
5.67,5.75,clase 3
3.78,4.75,clase 3
5.66,5.75,clase 3
3.67,5.54,clase 3
3.85,6.08,clase 3
5.04,6.19,clase 3
6.3,6.03,clase 3
4.33,4.15,clase 3
6.11,4.41,clase 3
4.16,4.38,clase 3
3.57,7.73,clase 3
4.57,4.44,clase 3
5.22,7.26,clase 3
4.77,5.16,clase 3
4.1,4.18,clase 3
4.58,5.86,clase 3
5.71,5.24,clase 3
4.92,7.28,clase 3
5.74,6.91,clase 3
5.24,5.54,clase 3
5.93,4.75,clase 3
5.2,5.87,clase 3
3.41,5.07,clase 3
5.84,6.61,clase 3
5.28,5.5,clase 3
5.51,6.39,clase 3
5.11,7.31,clase 3
5.88,6.2,clase 3
4.84,5.72,clase 3
3.38,7.19,clase 3
4.4,4.89,clase 3
2.76,6.74,clase 3
5.09,7.5,clase 3
4.97,6.47,clase 3
5.09,6.44,clase 3
5.75,5.41,clase 3
5.21,5.9,clase 3
5.0,5.22,clase 3
4.75,4.32,clase 3
5.77,5.97,clase 3
5.1,6.08,clase 3
5.47,4.44,clase 3
4.89,7.23,clase 3
4.0,6.98,clase 3
4.98,4.86,clase 3
5.38,5.36,clase 3
4.74,6.6,clase 3
4.22,5.54,clase 3
4.28,8.04,clase 3
5.15,5.91,clase 3
6.38,6.08,clase 3
4.63,5.91,clase 3
5.72,5.99,clase 3
5.06,5.89,clase 3
4.91,4.82,clase 3
3.91,6.16,clase 3
5.11,5.31,clase 3
5.58,5.07,clase 3
6.11,5.94,clase 3
4.6,5.61,clase 3
4.9,6.25,clase 3
6.09,6.03,clase 3
4.78,6.87,clase 3
5.12,5.72,clase 3
5.46,5.61,clase 3
5.42,5.55,clase 3
5.22,7.07,clase 3
5.01,5.48,clase 3
6.7,6.24,clase 3
4.95,7.6,clase 3
5.97,6.68,clase 3
3.93,5.78,clase 3
4.69,4.87,clase 3
4.31,5.62,clase 3
4.88,6.75,clase 3
4.73,6.31,clase 3
6.37,6.52,clase 3
4.94,5.74,clase 3
6.29,4.71,clase 3
4.07,7.46,clase 3
3.36,6.98,clase 3
5.97,7.01,clase 3
6.17,6.9,clase 3
4.96,5.57,clase 3
5.18,6.35,clase 3
5.84,5.71,clase 3
6.33,5.87,clase 3
3.78,6.45,clase 3
5.21,6.33,clase 3
5.84,6.26,clase 3
4.86,5.38,clase 3
4.65,4.9,clase 3
6.04,5.97,clase 3
1.71,7.07,clase 3
6.66,6.79,clase 3
5.43,3.59,clase 3
3.71,5.87,clase 3
3.9,5.9,clase 3
5.35,5.93,clase 3
5.29,6.44,clase 3
5.62,4.66,clase 3
4.71,6.92,clase 3
5.35,4.94,clase 3
6.59,5.48,clase 3
5.36,6.04,clase 3
6.22,5.87,clase 3
5.81,6.82,clase 3
3.77,6.21,clase 3
5.69,4.65,clase 3
4.24,8.02,clase 3
4.88,6.04,clase 3
4.08,6.17,clase 3
6.14,4.64,clase 3
5.37,3.76,clase 3
3.73,4.81,clase 3
4.92,5.91,clase 3
3.44,5.65,clase 3
4.15,6.4,clase 3
7.47,6.92,clase 3
4.79,6.23,clase 3
5.53,4.88,clase 3
7.52,5.45,clase 3
5.09,5.35,clase 3
6.62,6.19,clase 3
2.5,6.66,clase 3
4.76,5.41,clase 3
4.39,4.41,clase 3
4.83,5.21,clase 3
4.02,6.01,clase 3
4.55,5.51,clase 3
5.7,5.68,clase 3
4.41,4.55,clase 3
5.77,6.88,clase 3
4.86,6.94,clase 3
5.14,6.31,clase 3
6.4,7.34,clase 3
4.73,6.29,clase 3
4.23,6.27,clase 3
2.57,5.56,clase 3
5.17,6.73,clase 3
4.37,7.06,clase 3
5.08,4.91,clase 3
6.84,4.97,clase 3
5.07,6.93,clase 3
5.44,4.87,clase 3
5.34,5.38,clase 3
5.42,6.09,clase 3
5.95,7.45,clase 3
5.64,6.04,clase 3
5.25,4.39,clase 3
5.2,4.49,clase 3
6.24,7.59,clase 3
4.31,4.49,clase 3
2.45,7.18,clase 3
4.75,5.42,clase 3
6.37,6.57,clase 3
2.89,6.9,clase 3
6.58,5.57,clase 3
5.25,6.98,clase 3
6.31,6.23,clase 3
5.06,3.54,clase 3
6.17,6.0,clase 3
4.53,5.61,clase 3
4.73,5.21,clase 3
4.18,6.25,clase 3
5.35,6.62,clase 3
5.52,6.6,clase 3
3.66,4.49,clase 3
5.09,7.37,clase 3
4.61,6.59,clase 3
3.57,6.03,clase 3
5.18,5.16,clase 3
3.68,4.22,clase 3
4.5,7.3,clase 3
4.59,6.75,clase 3
4.63,7.37,clase 3
5.11,6.05,clase 3
6.53,5.75,clase 3
6.09,4.37,clase 3
6.18,7.54,clase 3
6.14,5.25,clase 3
5.92,5.09,clase 3
5.91,6.7,clase 3
4.65,5.24,clase 3
5.9,6.58,clase 3
4.32,5.74,clase 3
5.01,7.32,clase 3
5.43,5.56,clase 3
5.71,5.87,clase 3
2.89,4.8,clase 3
6.25,5.56,clase 3
5.75,5.59,clase 3
3.61,5.81,clase 3
4.8,6.45,clase 3
4.37,5.35,clase 3
3.69,6.27,clase 3
4.73,7.11,clase 3
2.83,4.29,clase 3
4.38,5.07,clase 3
4.02,6.13,clase 3
3.92,7.94,clase 3
5.12,4.84,clase 3
5.13,7.29,clase 3
4.95,6.87,clase 3
5.33,5.13,clase 3
4.95,4.85,clase 3
6.05,5.83,clase 3
6.04,7.76,clase 3
5.85,6.02,clase 3
4.01,5.78,clase 3
5.39,6.24,clase 3
5.16,5.76,clase 3
4.49,5.89,clase 3
4.23,4.94,clase 3
4.69,4.47,clase 3
4.49,7.33,clase 3
3.05,5.17,clase 3
4.27,4.85,clase 3
4.26,5.72,clase 3
4.92,5.82,clase 3
5.31,6.15,clase 3
4.56,6.46,clase 3
3.96,8.21,clase 3
3.84,5.18,clase 3
5.22,5.8,clase 3
4.71,5.58,clase 3
6.86,7.31,clase 3
4.36,7.9,clase 3
4.95,5.35,clase 3
5.36,4.18,clase 3
4.85,7.6,clase 3
5.0,5.09,clase 3
6.0,4.08,clase 3
5.51,4.53,clase 3
2.53,6.72,clase 3
6.04,5.22,clase 3
5.24,5.2,clase 3
5.29,8.03,clase 3
6.7,4.83,clase 3
7.13,5.33,clase 3
5.8,6.89,clase 3
3.92,7.36,clase 3
4.91,5.52,clase 3
2.71,7.05,clase 3
4.38,6.66,clase 3
4.76,4.61,clase 3
5.87,6.11,clase 3
5.46,5.07,clase 3
4.24,5.9,clase 3
4.06,6.67,clase 3
3.04,3.2,clase 3
5.06,5.26,clase 3
4.44,7.01,clase 3
5.49,5.85,clase 3
3.98,6.49,clase 3
3.0,5.09,clase 3
6.43,4.82,clase 3
6.21,6.78,clase 3
5.61,6.02,clase 3
5.27,5.4,clase 3
4.34,7.01,clase 3
6.27,5.73,clase 3
4.31,6.43,clase 3
4.91,6.78,clase 3
4.99,7.56,clase 3
5.47,8.44,clase 3
4.66,6.13,clase 3
5.44,5.64,clase 3
5.18,6.06,clase 3
5.45,5.97,clase 3
3.55,6.25,clase 3
3.71,5.26,clase 3
6.44,5.67,clase 3
4.18,4.66,clase 3
6.06,6.72,clase 3
5.23,6.79,clase 3
5.73,5.9,clase 3
5.03,5.45,clase 3
6.14,5.43,clase 3
6.33,4.62,clase 3
5.05,7.98,clase 3
5.18,4.9,clase 3
3.63,6.17,clase 3
6.01,7.48,clase 3
5.93,6.6,clase 3
5.28,6.31,clase 3
3.69,5.71,clase 3
4.18,4.07,clase 3
5.8,6.59,clase 3
5.78,7.01,clase 3
6.3,5.82,clase 3
6.3,5.37,clase 3
5.35,7.54,clase 3
6.66,8.28,clase 3
5.46,4.97,clase 3
6.48,6.47,clase 3
5.19,5.21,clase 3
6.56,6.97,clase 3
5.91,6.69,clase 3
4.73,5.7,clase 3
6.78,5.91,clase 3
4.3,7.0,clase 3
5.07,8.31,clase 3
5.64,5.97,clase 2
3.76,4.79,clase 2
4.33,5.17,clase 2
3.07,3.41,clase 2
3.2,4.28,clase 2
3.0,6.54,clase 2
5.24,5.08,clase 2
4.14,2.82,clase 2
3.81,6.43,clase 2
3.91,7.13,clase 2
3.11,6.38,clase 2
3.91,5.35,clase 2
3.96,5.23,clase 2
3.92,7.8,clase 2
4.29,6.87,clase 2
5.06,3.86,clase 2
4.58,4.22,clase 2
3.84,4.93,clase 2
2.05,4.63,clase 2
3.99,3.89,clase 2
3.92,6.64,clase 2
4.02,3.96,clase 2
4.78,4.83,clase 2
4.96,4.18,clase 2
3.94,4.17,clase 2
5.79,5.32,clase 2
2.59,6.1,clase 2
3.49,4.56,clase 2
3.38,5.96,clase 2
2.32,4.8,clase 2
4.86,6.29,clase 2
3.76,5.07,clase 2
3.92,6.33,clase 2
3.63,5.92,clase 2
4.18,4.18,clase 2
4.99,3.53,clase 2
3.75,6.92,clase 2
2.98,5.82,clase 2
2.83,5.55,clase 2
3.5,6.7,clase 2
3.78,3.97,clase 2
3.48,4.22,clase 2
4.16,6.35,clase 2
2.69,6.15,clase 2
2.0,4.48,clase 2
4.36,6.06,clase 2
2.79,6.32,clase 2
3.91,6.25,clase 2
3.65,3.92,clase 2
4.57,4.5,clase 2
4.63,5.57,clase 2
2.92,3.01,clase 2
3.3,6.44,clase 2
4.82,3.82,clase 2
4.51,4.34,clase 2
3.16,4.59,clase 2
3.87,6.24,clase 2
3.58,5.64,clase 2
4.2,4.19,clase 2
3.89,4.07,clase 2
5.3,4.49,clase 2
5.18,5.39,clase 2
4.91,5.42,clase 2
5.94,4.72,clase 2
5.05,4.67,clase 2
2.46,4.42,clase 2
3.58,4.19,clase 2
4.36,3.88,clase 2
3.0,5.69,clase 2
6.8,5.06,clase 2
5.13,4.58,clase 2
4.86,5.17,clase 2
3.67,3.94,clase 2
3.34,4.92,clase 2
3.19,5.07,clase 2
3.85,5.9,clase 2
4.19,4.09,clase 2
5.59,5.62,clase 2
2.64,5.49,clase 2
5.11,3.1,clase 2
4.67,3.35,clase 2
3.65,5.59,clase 2
4.68,4.18,clase 2
3.8,4.35,clase 2
4.68,4.85,clase 2
4.2,4.72,clase 2
5.49,3.14,clase 2
4.69,5.49,clase 2
4.06,5.38,clase 2
2.35,4.39,clase 2
4.82,4.68,clase 2
4.64,4.6,clase 2
2.29,5.74,clase 2
4.94,5.01,clase 2
4.75,4.68,clase 2
6.17,7.16,clase 2
4.28,6.04,clase 2
4.77,5.67,clase 2
3.82,5.87,clase 2
4.5,5.39,clase 2
3.1,5.9,clase 2
3.41,4.48,clase 2
4.09,8.01,clase 2
3.92,4.35,clase 2
4.86,3.45,clase 2
4.35,5.79,clase 2
6.16,3.84,clase 2
4.68,3.05,clase 2
4.7,5.26,clase 2
2.98,6.72,clase 2
3.57,4.19,clase 2
3.17,5.92,clase 2
2.31,4.66,clase 2
2.64,4.36,clase 2
2.97,5.34,clase 2
3.48,6.59,clase 2
5.17,5.25,clase 2
4.19,3.62,clase 2
4.78,4.37,clase 2
6.04,3.52,clase 2
3.44,4.26,clase 2
4.6,6.3,clase 2
4.7,6.05,clase 2
3.52,5.28,clase 2
4.75,5.59,clase 2
4.19,6.3,clase 2
4.07,3.2,clase 2
3.54,5.99,clase 2
3.89,5.3,clase 2
3.31,5.48,clase 2
5.19,4.67,clase 2
3.26,6.91,clase 2
2.87,3.45,clase 2
4.74,4.34,clase 2
1.87,6.85,clase 2
4.78,5.77,clase 2
3.29,4.53,clase 2
3.2,4.01,clase 2
3.05,2.76,clase 2
5.21,4.68,clase 2
3.79,3.99,clase 2
2.77,5.91,clase 2
3.81,5.57,clase 2
3.14,3.42,clase 2
3.88,6.02,clase 2
3.75,4.93,clase 2
3.28,5.67,clase 2
4.48,6.02,clase 2
3.6,6.63,clase 2
4.1,4.14,clase 2
3.57,4.77,clase 2
4.03,5.06,clase 2
4.12,5.47,clase 2
3.52,5.43,clase 2
2.97,4.1,clase 2
3.96,5.27,clase 2
4.96,7.55,clase 2
3.74,3.35,clase 2
4.42,4.38,clase 2
5.81,5.16,clase 2
2.31,4.04,clase 2
2.26,3.44,clase 2
5.13,4.59,clase 2
3.75,5.89,clase 2
2.86,5.25,clase 2
2.84,6.76,clase 2
4.44,4.5,clase 2
4.53,4.15,clase 2
5.07,5.04,clase 2
3.89,5.76,clase 2
1.39,5.11,clase 2
4.19,4.34,clase 2
5.34,4.77,clase 2
3.71,3.28,clase 2
3.69,4.12,clase 2
2.67,5.35,clase 2
3.94,4.62,clase 2
3.99,3.75,clase 2
4.43,4.78,clase 2
2.32,5.36,clase 2
3.01,4.34,clase 2
3.38,7.58,clase 2
3.37,6.28,clase 2
2.48,5.38,clase 2
4.95,5.37,clase 2
6.62,4.4,clase 2
4.21,5.97,clase 2
4.39,4.67,clase 2
6.24,5.99,clase 2
3.91,5.94,clase 2
4.3,4.66,clase 2
5.38,4.35,clase 2
3.2,6.2,clase 2
3.77,5.07,clase 2
5.77,5.88,clase 2
3.66,5.19,clase 2
5.48,3.93,clase 2
4.73,5.17,clase 2
4.14,4.62,clase 2
4.01,5.36,clase 2
3.29,4.63,clase 2
4.4,4.52,clase 2
4.18,4.12,clase 2
4.96,4.87,clase 2
5.05,4.27,clase 2
4.26,3.41,clase 2
4.43,4.57,clase 2
4.5,5.35,clase 2
2.82,4.03,clase 2
3.92,4.01,clase 2
4.04,4.94,clase 2
5.32,6.48,clase 2
4.43,4.54,clase 2
3.38,4.85,clase 2
5.79,4.96,clase 2
4.68,4.41,clase 2
3.15,5.43,clase 2
5.54,5.39,clase 2
3.08,6.44,clase 2
2.1,4.31,clase 2
4.17,6.97,clase 2
3.48,4.99,clase 2
3.01,4.96,clase 2
4.62,6.68,clase 2
4.94,6.28,clase 2
4.44,4.95,clase 2
5.47,5.66,clase 2
3.28,4.01,clase 2
3.87,4.81,clase 2
3.95,5.11,clase 2
4.26,6.03,clase 2
2.65,4.05,clase 2
3.67,4.78,clase 2
3.48,5.37,clase 2
2.47,4.01,clase 2
4.5,5.29,clase 2
5.11,5.96,clase 2
3.36,3.95,clase 2
2.89,4.23,clase 2
3.37,4.29,clase 2
5.92,6.73,clase 2
4.2,6.41,clase 2
3.09,6.67,clase 2
2.19,5.29,clase 2
5.44,4.91,clase 2
3.74,6.66,clase 2
3.55,4.09,clase 2
2.37,3.18,clase 2
5.81,6.15,clase 2
4.51,5.88,clase 2
3.02,3.79,clase 2
3.89,4.54,clase 2
5.53,5.09,clase 2
2.76,5.99,clase 2
5.88,2.86,clase 2
4.65,5.37,clase 2
5.17,4.51,clase 2
3.56,6.19,clase 2
3.99,5.25,clase 2
4.24,5.08,clase 2
4.74,6.13,clase 2
4.46,5.36,clase 2
3.88,5.46,clase 2
3.92,4.84,clase 2
3.08,5.02,clase 2
3.89,4.59,clase 2
5.04,5.72,clase 2
4.17,6.34,clase 2
4.66,5.58,clase 2
2.54,6.55,clase 2
2.69,5.81,clase 2
3.78,5.87,clase 2
2.71,3.66,clase 2
4.27,5.59,clase 2
2.86,4.29,clase 2
3.61,5.4,clase 2
3.39,5.5,clase 2
4.44,3.72,clase 2
4.51,4.21,clase 2
4.64,5.98,clase 2
3.97,5.8,clase 2
3.37,5.04,clase 2
6.59,5.76,clase 2
4.51,4.05,clase 2
2.61,4.13,clase 2
0.96,4.97,clase 2
4.11,5.51,clase 2
4.76,5.06,clase 2
4.5,5.52,clase 2
5.0,6.43,clase 2
4.41,6.08,clase 2
3.8,3.74,clase 2
3.89,4.34,clase 2
5.47,4.72,clase 2
4.89,4.88,clase 2
5.0,4.83,clase 2
2.12,5.76,clase 2
3.85,3.9,clase 2
3.78,6.03,clase 2
3.72,4.93,clase 2
3.37,4.49,clase 2
3.92,5.04,clase 2
3.22,5.37,clase 2
5.66,5.21,clase 2
3.98,4.98,clase 2
3.93,3.15,clase 2
2.85,4.02,clase 2
3.41,6.03,clase 2
5.43,3.65,clase 2
4.99,6.38,clase 2
4.57,4.48,clase 2
5.7,3.39,clase 2
3.73,3.79,clase 2
1.84,6.86,clase 2
5.39,5.48,clase 2
5.74,3.2,clase 2
4.4,4.04,clase 2
4.85,6.71,clase 2
2.65,5.81,clase 2
4.06,6.41,clase 2
2.79,4.95,clase 2
4.33,5.2,clase 2
5.73,4.79,clase 2
3.26,5.35,clase 2
5.33,5.24,clase 2
3.17,5.22,clase 2
3.23,4.88,clase 2
4.97,4.66,clase 2
3.85,6.4,clase 2
2.94,5.08,clase 2
4.45,3.87,clase 2
5.55,5.38,clase 2
5.05,5.48,clase 2
3.43,6.03,clase 2
4.02,4.73,clase 2
5.29,5.67,clase 2
4.31,6.66,clase 2
4.33,5.76,clase 2
3.94,4.83,clase 2
3.11,5.16,clase 2
2.46,5.8,clase 2
5.22,5.31,clase 2
4.96,5.93,clase 2
3.43,4.63,clase 2
4.52,3.88,clase 2
5.94,4.28,clase 2
5.34,4.5,clase 2
4.4,3.48,clase 2
3.48,5.31,clase 2
4.88,4.34,clase 2
3.69,6.39,clase 2
5.1,4.81,clase 2
5.35,4.57,clase 2
1.61,5.18,clase 2
4.2,4.55,clase 2
3.18,5.36,clase 2
5.16,4.87,clase 2
4.93,6.18,clase 2
4.78,5.81,clase 2
4.24,5.74,clase 2
3.12,4.05,clase 2
5.13,4.54,clase 2
4.42,3.74,clase 2
3.93,5.18,clase 2
3.38,5.1,clase 2
4.22,5.98,clase 2
4.06,5.59,clase 2
4.61,4.81,clase 2
2.03,6.31,clase 2
5.8,4.39,clase 2
2.97,6.35,clase 2
4.26,7.1,clase 2
3.75,3.68,clase 2
3.19,6.38,clase 2
4.18,3.67,clase 2
5.02,4.89,clase 2
4.22,4.14,clase 2
3.91,4.8,clase 2
3.15,6.72,clase 2
3.49,6.55,clase 2
5.49,6.27,clase 2
4.78,5.94,clase 2
2.41,6.81,clase 2
5.01,4.95,clase 2
4.29,4.59,clase 2
4.88,6.09,clase 2
5.64,5.69,clase 2
3.61,5.55,clase 2
5.3,5.72,clase 2
4.42,5.18,clase 2
4.61,5.03,clase 2
2.68,6.44,clase 2
3.21,5.83,clase 2
2.57,5.74,clase 2
5.16,6.23,clase 2
4.42,5.2,clase 2
3.03,5.72,clase 2
5.62,4.48,clase 2
4.52,5.04,clase 2
4.09,5.94,clase 2
3.4,5.28,clase 2
4.6,5.17,clase 2
4.12,5.78,clase 2
3.81,4.21,clase 2
3.63,3.95,clase 2
2.7,6.22,clase 2
6.52,4.75,clase 2
3.58,4.26,clase 2
4.16,2.7,clase 2
4.69,5.1,clase 2
4.35,4.21,clase 2
4.15,3.62,clase 2
4.72,5.12,clase 2
4.94,5.69,clase 2
3.71,3.83,clase 2
3.49,4.74,clase 2
3.8,4.62,clase 2
3.66,5.46,clase 2
6.5,3.58,clase 2
1.93,4.31,clase 2
3.57,5.22,clase 2
4.05,5.7,clase 2
3.33,6.27,clase 2
4.1,5.46,clase 2
3.99,5.21,clase 2
3.65,5.03,clase 2
2.72,5.66,clase 2
4.92,4.01,clase 2
5.39,5.75,clase 2
3.67,5.19,clase 2
2.96,5.53,clase 2
3.86,6.37,clase 2
4.17,3.64,clase 2
4.18,5.02,clase 2
2.7,4.76,clase 2
1.89,5.89,clase 2
4.22,7.43,clase 2
2.14,6.51,clase 2
4.53,4.86,clase 2
3.64,5.03,clase 2
3.64,6.72,clase 2
3.86,5.62,clase 2
3.07,5.62,clase 2
3.29,4.74,clase 2
4.64,5.11,clase 2
1.7,4.37,clase 2
4.68,5.4,clase 2
3.61,7.28,clase 2
5.43,6.21,clase 2
3.69,3.7,clase 2
3.06,7.68,clase 2
4.83,4.7,clase 2
2.65,5.96,clase 2
3.65,5.63,clase 2
3.49,4.07,clase 2
5.63,4.65,clase 2
3.68,5.97,clase 2
5.88,5.56,clase 2
2.71,5.32,clase 2
3.6,6.76,clase 2
3.33,3.42,clase 2
4.76,2.78,clase 2
4.8,4.47,clase 2
4.06,4.65,clase 2
3.69,4.13,clase 2
3.72,4.74,clase 2
4.98,4.63,clase 2
3.27,6.28,clase 2
4.73,5.05,clase 2
3.88,6.25,clase 2
4.58,5.54,clase 2
4.06,5.53,clase 2
4.49,6.08,clase 2
3.19,5.87,clase 2
7.56,5.47,clase 2
3.47,6.7,clase 2
6.36,5.03,clase 2
2.96,4.3,clase 2
5.43,5.5,clase 2
4.15,5.32,clase 2
2.55,5.52,clase 2
3.26,4.44,clase 2
4.3,5.72,clase 2
2.65,5.43,clase 2
5.5,4.22,clase 2
4.63,4.93,clase 2
3.64,5.55,clase 2
4.63,4.68,clase 2
4.26,5.69,clase 2
5.89,2.39,clase 2
3.53,5.1,clase 2
3.42,5.84,clase 2
3.89,6.06,clase 2
3.5,6.22,clase 2
3.64,3.6,clase 2
2.88,5.17,clase 2
4.0,5.7,clase 2
4.92,5.43,clase 2
1.74,6.93,clase 2
4.19,4.81,clase 2
5.26,5.32,clase 2
4.75,3.45,clase 2
5.19,6.39,clase 2
3.58,5.14,clase 2
3.87,6.19,clase 2
3.09,5.39,clase 2
3.92,4.87,clase 2
4.43,5.6,clase 2
3.94,6.61,clase 2
3.39,4.13,clase 2
3.69,4.31,clase 2
3.51,5.08,clase 2
3.49,4.6,clase 2
3.41,2.88,clase 2
4.65,4.88,clase 2
4.03,5.08,clase 2
3.08,4.27,clase 2
3.58,5.38,clase 2
3.28,3.51,clase 2
2.91,6.79,clase 2
3.51,4.83,clase 2
2.13,4.95,clase 2
3.32,3.83,clase 2
3.71,5.85,clase 2
3.53,3.23,clase 2
4.57,4.72,clase 2
2.32,5.5,clase 2
3.37,5.16,clase 2
6.42,4.18,clase 2
4.66,4.72,clase 2
2.11,3.82,clase 2
4.79,4.45,clase 2
4.04,3.36,clase 2
4.01,5.58,clase 2
5.18,7.08,clase 2
3.66,5.18,clase 2
4.1,5.44,clase 2
5.44,4.81,clase 2
5.38,4.62,clase 2
3.6,3.52,clase 2
3.1,4.88,clase 2
4.88,3.19,clase 2
4.24,4.0,clase 2
4.84,6.6,clase 2
4.53,3.29,clase 2
3.09,4.01,clase 2
2.38,5.73,clase 2
4.8,4.48,clase 2
3.39,3.3,clase 2
5.59,4.1,clase 2
3.8,6.83,clase 2
3.84,4.73,clase 2
3.74,4.33,clase 2
4.01,5.31,clase 2
5.28,5.34,clase 2
5.42,5.26,clase 2
3.64,4.42,clase 2
4.63,4.14,clase 2
4.71,5.88,clase 2
4.62,5.19,clase 2
5.11,6.73,clase 2
4.78,4.49,clase 2
3.8,4.47,clase 2
4.56,5.06,clase 2
2.76,5.45,clase 2
4.42,3.81,clase 2
3.25,6.69,clase 2
4.22,6.43,clase 2
3.29,6.0,clase 2
2.5,6.18,clase 2
4.32,6.61,clase 2
3.5,5.06,clase 2
5.03,6.25,clase 2
4.94,4.85,clase 2
3.99,6.04,clase 2
4.58,5.99,clase 2
3.85,6.26,clase 2
4.27,6.57,clase 2
3.78,5.57,clase 2
4.35,3.64,clase 2
1.16,7.7,clase 2
4.72,3.43,clase 2
5.06,3.32,clase 2
4.5,4.12,clase 2
3.5,5.3,clase 2
3.78,5.33,clase 2
3.6,3.7,clase 2
4.82,4.51,clase 2
5.49,4.79,clase 2
3.93,4.25,clase 2
5.05,4.55,clase 2
5.41,5.51,clase 2
2.86,5.38,clase 2
3.05,3.77,clase 2
4.01,4.87,clase 2
3.62,4.34,clase 2
1.66,4.8,clase 2
4.95,6.52,clase 2
4.16,5.1,clase 2
5.05,4.97,clase 2
4.18,5.38,clase 2
4.6,5.94,clase 2
3.01,4.48,clase 2
6.62,5.33,clase 2
3.37,5.01,clase 2
3.74,4.57,clase 2
3.22,3.6,clase 2
4.19,5.37,clase 2
2.0,3.28,clase 2
3.76,6.61,clase 2
3.25,5.36,clase 2
3.63,4.72,clase 2
4.59,4.31,clase 2
4.05,4.91,clase 2
3.57,3.96,clase 2
6.43,6.55,clase 2
3.87,5.32,clase 2
4.8,5.05,clase 2
5.78,7.31,clase 2
3.9,4.5,clase 2
4.77,5.74,clase 2
4.93,4.1,clase 2
3.68,4.48,clase 2
4.94,3.49,clase 2
4.48,6.88,clase 2
3.71,6.96,clase 2
4.59,3.94,clase 2
4.04,6.4,clase 2
1.85,4.52,clase 2
3.44,5.8,clase 2
4.06,4.67,clase 2
4.87,3.26,clase 2
4.07,6.12,clase 2
4.35,5.27,clase 2
5.13,5.45,clase 2
3.92,5.23,clase 2
4.46,4.87,clase 2
2.62,5.15,clase 2
4.52,5.66,clase 2
4.02,5.32,clase 2
1.7,4.86,clase 2
3.99,5.19,clase 2
3.02,5.34,clase 2
4.15,5.84,clase 2
4.86,6.61,clase 2
5.97,5.47,clase 2
2.83,5.39,clase 2
4.58,6.21,clase 2
4.18,3.38,clase 2
3.2,6.12,clase 2
4.36,5.86,clase 2
4.63,4.4,clase 2
4.09,6.62,clase 2
4.71,5.29,clase 2
4.2,2.22,clase 2
2.63,6.05,clase 2
2.83,4.73,clase 2
5.9,4.4,clase 2
4.92,4.06,clase 2
2.11,6.6,clase 2
4.53,6.69,clase 2
3.93,5.85,clase 2
4.06,5.0,clase 2
4.6,4.52,clase 2
4.0,4.38,clase 2
3.96,5.59,clase 2
3.7,5.76,clase 2
2.91,4.04,clase 2
3.16,4.26,clase 2
4.36,4.99,clase 2
1.73,6.54,clase 2
4.55,6.12,clase 2
4.22,3.57,clase 2
4.96,6.57,clase 2
4.71,4.99,clase 2
3.9,4.26,clase 2
4.17,4.28,clase 2
3.31,5.78,clase 2
5.03,6.77,clase 2
4.98,6.09,clase 2
3.01,4.92,clase 2
4.92,4.26,clase 2
4.45,4.35,clase 2
3.88,4.76,clase 2
4.12,5.74,clase 2
2.68,5.95,clase 2
3.38,3.71,clase 2
5.03,6.0,clase 2
4.68,4.29,clase 2
4.25,5.02,clase 2
3.81,4.75,clase 2
5.42,5.15,clase 2
4.14,3.23,clase 2
3.68,5.32,clase 2
5.47,4.96,clase 2
3.9,4.44,clase 2
3.85,4.34,clase 2
2.6,4.24,clase 2
3.25,3.63,clase 2
4.41,6.05,clase 2
5.14,4.28,clase 2
5.55,4.66,clase 2
2.37,4.85,clase 2
4.2,5.2,clase 2
4.06,5.24,clase 2
4.09,5.62,clase 2
4.05,5.05,clase 2
6.13,4.51,clase 2
2.4,4.18,clase 2
2.65,4.34,clase 2
3.79,3.45,clase 2
5.8,5.61,clase 2
3.26,3.32,clase 2
3.07,4.17,clase 2
5.64,3.34,clase 2
4.19,3.35,clase 2
2.56,4.91,clase 2
5.27,7.31,clase 2
4.58,2.72,clase 2
4.22,4.37,clase 2
5.81,6.49,clase 2
3.85,5.59,clase 2
1.23,5.29,clase 2
5.31,5.09,clase 2
4.4,3.48,clase 2
4.27,5.09,clase 2
4.36,5.09,clase 2
2.93,3.16,clase 2
5.26,4.13,clase 2
4.52,4.29,clase 2
3.22,3.6,clase 2
2.22,5.0,clase 2
5.1,3.87,clase 2
3.48,5.14,clase 2
1.75,6.02,clase 2
2.57,4.08,clase 2
3.78,5.54,clase 2
5.92,6.33,clase 2
3.41,4.44,clase 2
4.22,5.15,clase 2
3.54,4.89,clase 2
3.57,3.99,clase 2
3.69,4.94,clase 2
1.51,4.8,clase 2
1.75,5.86,clase 2
4.28,5.62,clase 2
4.29,4.95,clase 2
5.41,3.34,clase 2
4.67,5.02,clase 2
3.46,5.84,clase 2
3.54,5.85,clase 2
3.22,5.08,clase 2
2.14,5.12,clase 2
3.85,4.68,clase 2
4.48,4.95,clase 2
3.82,5.4,clase 2
3.41,4.77,clase 2
3.21,5.55,clase 2
4.47,5.53,clase 2
3.04,5.17,clase 2
3.66,5.29,clase 2
3.31,3.45,clase 2
3.36,5.99,clase 2
4.6,4.85,clase 2
3.78,7.06,clase 2
3.88,4.09,clase 2
3.84,5.57,clase 2
3.75,5.09,clase 2
2.84,4.02,clase 2
4.35,5.69,clase 2
4.77,5.14,clase 2
5.74,3.38,clase 2
3.69,3.94,clase 2
2.69,6.04,clase 2
4.4,4.66,clase 2
1.84,6.05,clase 2
4.01,3.73,clase 2
2.9,6.25,clase 2
4.53,5.98,clase 2
3.85,3.52,clase 2
3.87,6.02,clase 2
2.68,3.68,clase 2
3.66,4.66,clase 2
3.54,3.64,clase 2
4.89,6.51,clase 2
4.84,3.35,clase 2
2.8,3.29,clase 2
4.59,3.2,clase 2
4.19,6.23,clase 2
5.05,6.97,clase 2
3.34,3.9,clase 2
3.06,5.49,clase 2
3.93,4.42,clase 2
3.02,5.24,clase 2
5.56,6.35,clase 2
5.07,4.42,clase 2
2.91,5.46,clase 2
5.43,4.45,clase 2
4.21,5.7,clase 2
4.07,5.61,clase 2
4.96,5.96,clase 2
4.32,6.52,clase 2
3.87,5.16,clase 2
4.24,2.99,clase 2
4.15,4.87,clase 2
3.6,6.89,clase 2
3.65,4.97,clase 2
4.42,3.42,clase 2
5.0,3.73,clase 2
4.8,6.29,clase 2
3.95,5.98,clase 2
5.45,4.37,clase 2
4.55,5.27,clase 2
2.79,5.57,clase 2
5.43,4.47,clase 2
3.29,6.0,clase 2
4.95,4.63,clase 2
3.51,4.42,clase 2
3.12,6.41,clase 2
6.26,3.25,clase 2
3.12,5.88,clase 2
4.29,5.64,clase 2
1.96,4.28,clase 2
3.78,2.21,clase 2
4.14,3.93,clase 2
3.2,6.65,clase 2
4.95,5.66,clase 2
5.4,5.4,clase 2
5.46,4.4,clase 2
3.02,5.47,clase 2
3.77,5.89,clase 2
2.65,3.59,clase 2
5.92,3.2,clase 2
2.98,2.87,clase 2
1.43,4.84,clase 2
2.43,4.78,clase 2
3.83,5.44,clase 2
3.54,4.8,clase 2
4.59,6.48,clase 2
3.27,5.05,clase 2
3.07,3.62,clase 2
3.09,5.47,clase 2
4.4,4.95,clase 2
3.53,3.9,clase 2
3.39,6.78,clase 2
4.51,5.23,clase 2
4.33,7.05,clase 2
2.11,4.45,clase 2
3.16,4.74,clase 2
4.36,6.19,clase 2
4.44,5.15,clase 2
3.4,4.7,clase 2
4.99,4.9,clase 2
2.99,6.28,clase 2
5.51,3.82,clase 2
4.4,4.64,clase 2
4.09,4.1,clase 2
4.23,5.05,clase 2
2.55,5.29,clase 2
4.57,5.71,clase 2
3.44,6.64,clase 2
4.39,6.51,clase 2
2.9,5.68,clase 2
3.51,4.99,clase 2
2.88,3.13,clase 2
1.93,4.58,clase 2
4.91,4.75,clase 2
5.84,5.7,clase 2
3.78,4.57,clase 2
3.26,4.71,clase 2
3.03,3.97,clase 2
3.37,5.39,clase 2
2.77,4.38,clase 2
4.26,5.17,clase 2
3.64,3.71,clase 2
5.39,4.93,clase 2
3.72,4.96,clase 2
4.26,5.64,clase 2
5.36,4.13,clase 2
3.89,5.95,clase 2
4.9,3.25,clase 2
5.25,5.43,clase 2
4.22,5.07,clase 2
3.76,4.39,clase 2
4.02,5.35,clase 2
4.2,3.58,clase 2
6.58,5.48,clase 2
3.84,4.72,clase 2
4.11,5.16,clase 2
3.17,4.71,clase 2
5.78,3.94,clase 2
2.77,4.85,clase 2
4.04,5.22,clase 2
4.23,4.11,clase 2
4.07,4.39,clase 2
4.15,5.09,clase 2
4.09,6.21,clase 2
3.33,4.51,clase 2
4.6,5.5,clase 2
5.29,2.9,clase 2
5.03,2.97,clase 2
4.68,3.88,clase 2
5.31,4.7,clase 2
3.15,4.34,clase 2
4.02,4.71,clase 2
3.93,5.07,clase 2
3.76,4.55,clase 2
2.31,6.08,clase 2
3.12,5.77,clase 2
6.11,4.72,clase 2
5.09,3.36,clase 2
4.01,5.55,clase 2
3.39,5.6,clase 2
3.97,5.76,clase 2
3.15,3.24,clase 2
4.76,3.43,clase 2
3.36,5.56,clase 2
4.22,5.18,clase 2
6.07,7.06,clase 2
5.23,5.09,clase 2
4.08,6.21,clase 2
4.32,4.61,clase 2
3.59,5.62,clase 2
4.45,4.11,clase 2
2.37,3.77,clase 2
4.64,5.02,clase 2
4.54,4.53,clase 2
4.23,4.59,clase 2
3.77,5.58,clase 2
2.82,4.75,clase 2
3.6,4.62,clase 2
4.36,4.82,clase 2
4.04,4.79,clase 2
2.52,4.71,clase 2
3.67,2.67,clase 2
2.79,5.81,clase 2
4.03,5.69,clase 2
2.79,6.39,clase 2
5.02,4.61,clase 2
5.36,6.05,clase 2
3.89,5.13,clase 2
3.63,5.92,clase 2
5.02,2.13,clase 2
3.33,6.57,clase 2
4.25,4.02,clase 2
4.76,5.28,clase 2
3.03,4.29,clase 2
4.0,4.45,clase 2
2.95,6.67,clase 2
3.79,2.17,clase 2
4.06,6.26,clase 2
3.59,7.28,clase 2
5.91,7.18,clase 2
2.93,5.76,clase 2
4.51,7.63,clase 2
2.54,3.81,clase 2
3.77,6.64,clase 2
5.38,5.17,clase 2
4.52,4.97,clase 2
1.74,4.36,clase 2
2.93,4.2,clase 2
5.01,3.64,clase 2
4.56,4.73,clase 2
3.29,4.92,clase 2
4.0,5.0,clase 2
2.94,5.21,clase 2
5.37,4.02,clase 2
4.64,6.16,clase 2
3.16,6.4,clase 2
3.21,4.91,clase 2
3.82,5.82,clase 2
5.29,5.66,clase 2
3.98,4.85,clase 2
3.9,3.43,clase 2
3.7,7.0,clase 2
3.17,3.76,clase 2
4.32,4.63,clase 2
4.67,4.04,clase 2
3.05,4.66,clase 2
4.12,6.27,clase 2
4.73,4.32,clase 2
2.77,3.95,clase 2
2.51,6.94,clase 2
4.13,4.16,clase 2
5.22,5.98,clase 2
3.71,3.4,clase 2
4.0,7.84,clase 2
3.42,5.35,clase 2
3.9,3.42,clase 2
4.84,5.42,clase 2
4.36,3.77,clase 2
4.85,4.68,clase 2
5.55,4.14,clase 2
2.97,5.59,clase 2
3.98,4.58,clase 2
1.9,3.71,clase 2
2.91,4.46,clase 2
4.81,6.24,clase 2
2.98,6.53,clase 2
2.74,4.31,clase 2